Campus,Título, Nome Coordenador, 
Almenara,Desenvolvimento de método analítico para determinação de elementos inorgânicos em amostras de água do Rio Jequitinhonha,Ednilton Moreira Gama,
Almenara,Aprimorar é preciso: Pesquisa de percepção sobre a qualidade do evento de simulação da ONU IFMUNDO no IFNMG Campus Almenara.,Alfredo Costa,
Almenara,Produção de guias de estudo para o modelo de simulação da ONU (IFMUNDO),Regina Mendes de Araújo,
Almenara,Avaliação Gerencial em Administração Pública: Análise da Gestão em Saúde no Consórcio Intermunicipal Multifinalitário do Baixo Jequitinhonha – CIMBAJE – sob os parâmetros do Modelo de Excelência em Gestão Pública (MEGP),Dayane Patrícia Cunha de França,
Almenara,Análise do Perfil Epidomiologia da Hanseníase no Vale do Jequitinhonha – Minas Gerais (MG),Leila Conceição de Paula Miranda,
Almenara,Entomofauna da Graviola Associado ao Cultivo em Sistema Exclusivo ou Consorciado nas Condições de Almenara – MG,José Maria Gomes Neves,
Almenara,Geografia História e Memória: As Paisagens nas Músicas do Baixo Jequitinhonha,Alfredo Costa,
Almenara,Observatório dos Desastres na Mineração: Plataforma Digital Colaborativa Para Educação Ambiental,Alfredo Costa,
Almenara,Análise de Viabilidade Econômica na Construção de uma Fábrica de Farinha e Fécula de Mandioca,Luiz Célio Souza Rocha,
Almenara,Análise da Qualidade da água para Consumo em Escolas Públicas nos Municípios de Almenara- MG e Jequitinhonha- MG,Roberta Pereira Matos,
Almenara,Ordenha Sustentável: Aplicação da Ordenha Sustentável e Bioeconômica em Propriedades Rurais na Microrregião de Almenara-MG,Paulo Eduardo Ferreira dos Santos,
Almenara,Planejamento Estratégico: Um Estudo de Caso em uma Empresa do Setor Alimentício em Jequitinhonha  MG,Emanuelly Alves Pelogio,
Almenara,Solanáceas Silvestres como Porta Enxerto para Cultivo de Tomate em Áreas Contaminadas com Meloidogyne incognita,Edimilson Alves Barbosa,
Almenara,Potencial de Produção de Biogás com Diferentes Resíduos e Aproveitamento do Biofertilizante para Fertirrigação,Raiane Ferreira de Miranda,
Almenara,Avaliação do Feijão Comum em Resposta a Aplicação de Silício,Raiane Ferreira de Miranda,
Almenara,Avaliação do Milheto (Penissetum glaucum L. Brown ) Submetido a Diferentes Doses de Manganês,Raiane Ferreira de Miranda,
Almenara,Avaliação do Desenvolvimento de Cultivares de Sorgo Granífero Cultivado Sob Déficit Hídrico e Doses de Silício,Raiane Ferreira de Miranda,
Almenara,"Implatação de um Sistema Web de Auxílio Gerencial e Aplicativo Mediador Cliente- Atelie, no Atelie Lafira Modas",Marcos Vinícius Montanari,
Almenara,Sistema de Gestão Documental do Estágio para o Instituto Federal do Norte de Minas Gerais Campus Almenara,Marcos Vinícius Montanari,
Almenara,Uaifood: Análise do Serviço de Pedidos e Delivery para Almenara,Marcos Vinícius Montanari,
Almenara,Ferramenta Educacional Virtual: Uma possibilidade para o Ensino Básico e Tecnólogico,Pablo Castro Antunes Silva,
Almenara,Caracterização da Pecuária Leiteira Intensiva do Baixo Jequitinhonha,,
Almenara,Impacto Ambiental do Monocultivo de Eucalipto no Vale do Jequitinhonha -MG,Vico Mendes Pereira Lima,
Almenara,Análise da Qualidade dos Softwares Implantados nas Clínicas Médicas da Cidade de Almenara,Paulo Sérgio Henrique dos Santos,
Almenara,Automação do Processo de Análise de PH e Turbidez da Água Bruta Utilizando Equipamentos de Baixo Custo,Marcus Vinícius Montanari,
Almenara,Permanência e Êxito Escolar nos Cursos Técnicos Integrados ao Ensino Médio do IFNMG Campus Ribeirão das Neves,Roberta Pereira Matos,
Almenara,Avaliação dos Motivos que Levam à Evasão dos Alunos no Curso de Análise e Desenvolvimento de Sistemas no Instituto Federal no Norte de Minas Gerais – Campus Almenara,Marcos Vinícius Montanari,
Almenara,A Ciência da Computação Durante a Fase de Escolha Profissional: Por que as Mulheres de Almenara – Dizem Não,Marcos Vinícius Montanari,
Almenara,Influência de Substratos na Eustaquia de Roseira,Edimilson Alves Barbosa,
Almenara,Permanência e Êxito na EAD: Um Estudo no CEFET-MG Polo Curvelo,Roberta Pereira Matos,
Almenara,Desenvolvimento e Aplicação de Bioplástico,Ednilton Moreira Gama,
Almenara,Valorização de Méis da Região do Vale do Jequitinhonha com Análises Químicas,Vanessa Gregório Rodrigues,
Almenara,Efeito do Ácido Indolputírico (AIB) no Enraizamento da Taioba ( Xanthosoma sagitifolium Schott,Joaquim Neto de Sousa Santos,
Almenara,Desenvolvimento Inicial de Mudas para Porta-enxertos de Goiabeira em Resposta às doses de Fósforo,José Maria Gomes Neves,
Almenara,Atributos Físicos e Fisiológicos de Sementes Provenientes de Variedades de Feijão Caupi Crioulo do Baixo Jequitinhonha,José Maria Gomes Neves,
Almenara,Alimentação Proteica Alternativa no Desenvolvimento de Abelhas (Apis melliferas),Edimilson Alves Barbosa,
Almenara,Efeito de Diferentes Doses de Herbicidas no Controle de Plantas Daninhas em Área de Pastagem,Edimilson Alves Barbosa,
Almenara,Lactantes Trabalhadoras: Conhecendo os seus Desafios,Daiane Prates Mendonça,
Almenara,Avaliação do Ambiente Virtual de Aprendizagem da Alfa Faculdade de Almenara,Josiena de Oliveira Fagundes de Araújo,
Almenara,Roboshield: Protótipo de uma Placa de Expansão para Arduíno para o Ensino da Robótica Educacional,Alan Teixeira de Oliveira,
Almenara,Análise de Viabilidade Econômica da Microgeração de Energia a Partir do Biogás de Manipueira,Luiz Célio Souza Rocha,
Almenara,Lesão por Pressão em Idosos no Contexto da Enfermagem Comunitária: Uma Revisão de Escopo,Mariane Mapelis de Paula,
Almenara,As Formas de Ingresso nos Cursos Técnicos Integrados ao Ensino Médio da Rede Federal de Educação Profissional e Tecnológico,Alex Lara Martins,
Almenara,Desenvolvimento de Sistema de Software para Gestão de Merenda Escolar,Valdete Maria Gonçalves de Almeida,
Almenara,Crescimento Micelial e Produção de  Escleróidios de Isolados de Sclerotina sclerotorum sob Diferentes Regimes de Luz,Danuza Araújo de Souza,
Almenara,Produção de Mudas de Mandioca em Diferentes Combinações de Substratos Utilizando de Propagação Rápida,Edimilson Alves Barbosa,
Almenara,Dinâmica e Ecologia de Plantas Daninhas na Cultura da Cana-de açúcar,,
Araçuaí,Mecanismos Moleculares envolvidos na atuação de Fitoterápicos sobre Ecto e Endoparasitas de animais de produção: Abordagem IN VITRO  e IN SÍLICO,Eliane Macedo Sobrinho Santos,
Araçuaí,Processos de Construções Literárias: Um olhar na perspectiva do letramento literário.,Elizabeth Moreira Gomes,
Araçuaí,Tenho uma foto pra te contar: Resgate histórico do Vale do Jequitinhonha por meio da memória oral inter-relacionada à arte visual.,Ernani Calazans de Oliveira,
Araçuaí,Um olhar sobre os contos do escritor argentino Júlio Cortázar: uma discussão político-social.,Lucas Leal Teixeira,
Araçuaí,Avaliação da capacidade funcional dos idosos residentes em uma instituição de longa permanência do município de Araçuaí/MG.,Francisca Souza Santos Dias,
Araçuaí,Integração de modelos de probabilidade e tendência de ocorrência de incêndios florestais como instrumento de auxílio à gestão em uma área protegida do Bioma Cerrado.,Rosane Gomes da Silva,
Araçuaí,Biomonitor de material particulado por meio da arborização urbana.,Kaíque Mesquita Cardoso,
Araçuaí,A ansiedade no ambiente escolar: Percepções dos estudantes dos cursos técnicos integrados ao ensino médio do IFNMG- Araçuaí/MG.,Juliana de Almeida Pereira e Santos,
Araçuaí,LABSICCX- Laboratório de sistemas computacionais complexos: Computação científica mais amigável.,JeanCarlo Campos Leão,
Araçuaí,Estado da Arte: Levantamento sobre as produções científicas sobre o mundo agrário/rural no Instituto Federal do Norte de Minas Gerais- IFNMG.,Fabiano Rosa de Magalhães,
Araçuaí,O museu de Araçuaí: Percepções sobre o lugar,Aureliane Aparecida de Araújo,
Araçuaí,"Foguetes de água e Base de lançamento: Construção, lançamentos e estudos de suas propriedades.",Agamenon Pereira Xavier,
Araçuaí,Ruptura de Gôndula: Uma análise para as causas e possíveis soluções nos supermercados do município de Araçuaí/MG,Cleisson da Silva Rios,
Araçuaí,"Análise demográfica, clínica e terapêutica de usuários e Benzilpenicilina Benzatina de um município do médio Jequitinhonha.",Clara Cythia Melo e Lima,
Araçuaí,Desempenho de plantas forrageiras cultivadas com composto orgânico à base de pó de Rocha.,Eliane Macedo Sobrinho Santos,
Araçuaí,Estudo de Caso sobre a Aplicação de um Provedor de Questões de Programação Integrado ao Moodle em Cursos de Introdução à Programação,Fernando Marcos Souza Silva,
Araçuaí,Estudo de Caso sobre o Uso de Técnicas de Mineração de Textos para Detecção de Motivação nos Alunos de Cursos na Modalidade a Distância,Fernando Marcos Souza Silva,
Araçuaí,IFNMG Online: Estudantes e a Adicção em Internet no Campus Araçuaí,Thaiana Martins Marques,
Araçuaí,Plataforma Virtual Indígena: Valorização Cultural e Identitária do Povo Pankararu Pataxó do Vale do Jequitinhonha,Lillian Gonçalves de Melo,
Araçuaí,Artesanato Vale do Jequitinhonha: Estratégias de Marketing e Promoção do Empreendedorismo Social,Kennya de Lima Ribeiro,
Araçuaí,Implantação da Plataforma Espinhaço no IFNMG,Arthur Machado França de Almeida,
Arinos,Avaliação do potencial de plantas nativas do cerrado para formação de bonsais.,Cinthia Gracielly Rodrigues,
Arinos,O estudo da evasão escolar no curso de sistemas de informação do IFNMG- Campus Arinos,Diego Viana Porto,
Arinos,Produção de mudas de Corymbia Citriodora e Eucalipto Camaldulensis em diferentes concentrações de substrato orgânico.,Francisco Valdevino Bezerra Neto,
Arinos,Avaliação do desempenho de aves alimentadas com polpa de baru.,Diogo de Moraes Cardoso,
Arinos,"Influência do espaçamento e densidade na produtividade e propriedades organoléticas da melancia amarela sem sementes, na região vale do Urucuia.",Rildo Araújo Leite,
Arinos,Pesquisa da qualidade microbiológica do leite cru produzido na comunidade do Bonito em Urucuia/MG após a aplicação de Boas Práticas para obtenção higiênica do leite.,Gustavo Rodrigues Morgado,
Arinos,IFNMG online: Estudantes e a adiccção em internet no Campus Arinos,Camila Molina Palles,
Arinos,Inteligência Emocional e suas Relações com o Desempenho Acadêmico,Valdinice Ferreira da Mota,
Arinos,Análise da Aplicabilidade da Avaliação de Desempenho no IFNMG Campus Arinos/MG,Valdinice Ferreira da Mota,
Arinos,Clima Organizacional e Satisfação no Trabalho nas Agências Bancárias de Arinos/MG,Christiane Oliveira Valente,
Arinos,Inserção dos Egressos do Curso Bacharelado em Administração do IFNMG Campus Arinos no Mercado de Trabalho,Christiane Oliveira Valente,
Arinos,Delineamento do Empreendedorismo Feminino na Chapada Gaúcha/MG,Christiane Oliveira Valente,
Arinos,Análise do Nível de Inteligência Emocional dos Graduandos dos Cursos Superiores do Instituto Federal do Norte de Minas Gerais – IFNMG Campus Arinos,Christiane Oliveira Valente,
Arinos,Impacto do Programa Nacional de Assistência Estudantil (PNAES) na Permanência dos Alunos dos Cursos de Nível Superior do IFNMG Campus Arinos,Josué Batista Reis Junior,
Arinos,Acesso e Permanência no Ensino Superior : Um Estudo com os Discentes de Administração – IFNMG Campus Arinos,Priscila Franco Binato,
Arinos,Procedência de Produtos Cárneos in Natura no Município de Arinos -MG,Diogo de Moraes Cardoso,
Arinos,Uso de Agrotóxicos em um Assentamento Rural de Uruana de Minas – MG,Diogo de Moraes Cardoso,
Arinos,Cooperativismo Agropecuário na Microrregião do Vale Urucuia: Um estudo da Percepção dos Cooperados da Copabase,Graciela Maria Miranda Borges,
Arinos,Logística Reversa: Ferramenta de Aplicação do Descarte dos Resíduos Sólidos em uma Instituição de Ensino,Graciela Maria Miranda Borges,
Arinos,Marketing Digital Teorias e Práticas Organizacionais: Um Estudo Bibliométrico,Cristiane Oliveira Valente,
Arinos,"A Centralidade Educacional do Instituto Federal do Norte de Minas, Campus Arinos, no Vale do Urucuia",Camila Molina Palles,
Arinos,Importância da Silagem de Sorgo,Inácio Barbosa Borges,
Arinos,Dosagens de Fósforo e Inoculação com Bradyrhizobium nas Característica Agronômicas do Feijão-caupi,Inácio Barbosa Borges,
Arinos,Avaliação do Sorgo Granífero Submetido a Diferentes Dosagens de Nitrogênio e Potássio,Inácio Barbosa Borges,
Arinos,Estudo da Eficiência de Fertilizantes Biológicos (Barvar) na Substituição Total ou Parcial de Fertilizantes Minerais,Inácio Barbosa Borges,
Arinos,Importância do MIP na Conservação da Transgenia do Algodão,Inácio Barbosa Borges,
Arinos,Taxa de Acumulação de matéria Seca da Soja sobre os Restos Vegetais da Cultura do Sorgo,Inácio Barbosa Borges,
Arinos,Híbridos para a Produção de Milho Verde no Município de Arinos -MG,Inácio Barbosa Borges,
Arinos,Controle da Ferrugem do Cafeeiro,Inácio Barbosa Borges,
Arinos,Estudo de Aplicação da Realidade Virtual e a Aumentada no Ensino Médio Integrado do IFNMG Campus Arinos como Ferramenta Complementar ao Ensino,Danilo Silveira Martins,
Arinos,Gestão do Programa Nacional de Alimentação Escolar: Estudo de Caso na Prefeitura Municipal de Arinos/MG,Elza Cristiny Carneiro Batista,
Arinos,Efeito do Tratamento de Semente de Algodão na Qualidade Fisiológica e Sanitária,Luana da Silva Botelho,
Arinos,Sistema de Controle e Gerenciamento de Estoque,Claudianne Myllene Morais de Almeida,
Arinos,Sistema de Auxílio e Gerenciamento de Práticas Esportivas do Núcleo de Educação Física do IFNMG Campus Arinos/MG,Claudianne Myllene Morais de Almeida,
Arinos,CAJUI APP: Proposta de Aplicativo Mobile para o Sistema Cajuí,Claudianne Myllene Morais de Almeida,
Arinos,Controle de Plantas Daninhas na Cafeicultura,Inácio Barbosa Borges,
Arinos,Sistemas de Irrigação Utilizados no Cultivo de Café no Brasil,Inácio Barbosa Borges,
Arinos,Avaliação de Cultivares da Soja sobre a Palhada da Branquiária,Inácio Barbosa Borges,
Diamantina,Cartografia Catrumana: Povos e comunidades tradicionais do norte de Minas e Vale do Jequitinhonha.,Sérgio Leandro Sousa Neves,
Diamantina,A Segunda Guerra Mundial em Tela,Dayse Lúcide Silva Santos,
Diamantina,Avaliação Fisiológica de Mudas de Clona Híbrido de Eucalyptus urophylla Produzido em Diferentes Condicionadores de Solo,Emerson Delano Lopes,
Diamantina,As Camélias da Segunda Abolição: Pensamento Político Brasileiro e o Brandir da Intelectualidade Negra,Carla Pereira Silva,
Janaúba,O perfil das organizações da sociedade civil de Janaúba/MG,Tarso Guilherme Macedo Pires,
Janaúba,Brincando com as moléculas,Farley Jean de Sousa,
Janaúba,Desenvolvimento de um jogo envolvendo história em quadrinhos,Júlio Cézar Barbosa Rocha,
Janaúba,Letramento de internacionalização: Mobilidade docente e formação crítica de professores de línguas adicionais,Lauro Sérgio Machado Pereira,
Janaúba,Caracterização Socioeconômica dos municípios da área de abrangência do Campus Avançado Janaúba e do Campus Avançado Porteirinha no Instituto Federal do Norte de Minas Gerais.,Fabrício Silva Ribeiro,
Janaúba,IFNMG online: Estudantes e a adiccção em internet no Campus Janaúba,Marineide Almeida Rocha,
Janaúba,Laboratório didático de física tendo como plataforma Raspberry Pi,Júlio Cézar Barbosa Rocha,
Janaúba,Serviço Web para avaliação automática de exercícios de programação,Felipe Cézar de Castro Antunes,
Janaúba,Robô Didático para Ensino de Física,Felipe Cézar de Castro Antunes,
Januária,Índice de transparência pública: uma análise nos municípios da microrregião mineira de Januária.,Eduardo Cabral da Cruz,
Januária,Perfil socioeconômico dos feirantes que comercializam hortaliças na feira livre do município de Januária/MG.,Eduardo Cabral da Cruz,
Januária,Crescimento de abacaxizeiros em solos alcalinos e ácidos adubados com nitrogênio e irrigados com água calcária e não calcária.,Dilermando Dourado Pacheco,
Januária,A inadimplência versus Consultoria Empresarial,Eduardo Cabral da Cruz,
Januária,A Influência da programação neolinguística- pnl nas vendas.,Elder Lisboa Souza,
Januária,Gestão de pessoas: Análise do clima Organizacional na Prefeitura de Januária/MG,Eduardo Cabral da Cruz,
Januária,Pessoas com deficiências: Uma análise do cumprimento da legislação e suas implicações nas empresas privadas de Januária.,Francisco Farlei de Carvalho Lisboa,
Januária,O grau de empreendedorismo no perfil de formação dos acadêmicos das instituições de ensino superior presencial.,Érica Souza Tupiná,
Januária,Avaliação dos processos de trabalho da porta de entrada de um hospital público do Norte de Minas Gerais.,Érica Souza Tupiná,
Januária,Políticas Públicas de combate à pobreza através de programas de transferência de renda.,Felipe Lisboa Guedes,
Januária,Análise da remuneração salarial entre os homens e as mulheres ocupantes dos cargos de gestão nas empresas da cidade de Januária/MG,Francisco Farlei de Carvalho Lisboa,
Januária,Qualidade do atendimento do setor de secretaria de Registros Acadêmicos do IFNMG Campus Januária na perspectiva dos usuários.,Érica Souza Tupiná,
Januária,Custo de vida e cesta básica em Januária/MG,Felipe Lisboa Guedes,
Januária,Consumo de energia elétrica nas residências dos alunos do 2º ano do curso técnico em Meio Ambiente Integrado.,Adenise Vieira de Souza,
Januária,Evolução do sistema de gerenciamento de estágios do IFNMG- Campus Januária.,Cleiane Gonçalves Oliveira,
Januária,Uso de sistema de informação para aumento da eficiência no gerenciamento dos auxílios do programa de assistência e apoio aos estudantes do IFNMG- Campus Januária.,Cleiane Gonçalves Oliveira,
Januária,Protótipo de Quarteador de amostras de grãos e sementes,Wagner da Cunha Siqueira,
Januária,Manejo de plantas invasoras com metabólitos de microrganismos endofíticos e de solo.,Tatiana Tozzi Martins Souza Rodrigues ,
Januária,"Desenvolvimento, produção e incidência de pragas e doenças em Milho tratado com organomineral.",Tatiana Tozzi Martins Souza Rodrigues ,
Januária,Responsabilidade socioambiental uma estratégia para atrair e fidelizar clientes dos mercados do município de Januária-MG,Soraia Ataíde L. Frota,
Januária,Análise da eficácia da educação financeira infantil no comportamento financeiro de estudantes do ensino fundamental II,Eduardo Cabral da Cruz,
Januária,"Fatores ambientais e sociais que contribuem para a prevalência de esquistossomose no Distrito do Brejo do Amparo, município de Januária/MG",Luiz Carlos Ferreira ,
Januária,Análise Econômico- Financeira das Empresas Brasileiras de Saneamento com Capital Aberto,Eduardo Cabral da Cruz,
Januária,A Língua Brasileira de Sinais (LIBRAS) no curso técnico de enfermagem do IFNMG: (RE)significando a percepção dos alunos em relação à comunicação com os surdos na atenção á saúde.,Caio Bruno wetterich,
Januária,A evasão na Educação Técnica Profissional: Uma análise de indicadores dos cursos do ensino médio integrado do Instituto Federal do Norte de Minas Gerais- Campus Araçuaí.,Caio Bruno wetterich,
Januária,"Efeito de um adsorvente de micotoxinas sobre o desempenho, os metabólitos séricos e o estresse oxidativo em porcas gestantes e lactantes ",Wagner Aziz Garcia de Araújo,
Januária,Influência da Evapotranspiração na Eficiência de Tratamento de Água Residuária Salina em Sistemas Alagados Construídos ,Danilo Pereira Ribeiro,
Januária,Desempenho Produtivo e Acúmulo de Molibdênio em Sementes de Feijão Caupi ( Vigna unguiculata L. WALP.) submetido à adubação foliar molibídica e eficiência da fixação biológica do nitrogênio ,Luiz Carlos Ferreira ,
Januária,"Densidade Populacional e Morfologia Radicular de Linhagens de Feijão Caupi ( Vigna unguiculata  ), no Semiárido do Norte de Minas Gerais ",Claubert Wagner Guimarães de Menezes,
Januária,Comportamento Produtivo de Genótipos de Girassol Cultivados em Januária Norte de Minas Gerais Safra 2019/2020,Aroldo Gomes Filho,
Januária,"Caracterização e Mapeamento do Uso e Ocupação do Solo no Riacho da Cruz, Bacia do Alto Médio São Francisco ",Antônio Fábio Silva Santos,
Januária,Evolução de um Jogo Digital Educacional para o Auxílio à Prevenção da Interdisciplina nas Séries Iniciais do Ensino Fundamental ,Joselice Ferreira Lima,
Januária,Efeito do Óleo Essencial de Cybpogom flexuosus (POACEAE) no Controle de Sitophilus zeamais (COLEOPTERA: CURCULIONIDADAE) e na Germinação de Zea mays (POACEAE) ,Clináscia Rodrigues Araújo Rocha,
Januária,Descrição das Propriedades Físicas do Feijão Mungo (Vigna Radiata) Cultivado na Região do Semiárido de Minas Gerais,Wagner da Cunha Siqueira,
Januária,Sistema de Sensoriamento Remoto de Baixo Custo para Recomendação de Adubo Nitrogenado a Taxa Variada na Cultura do Milho,Selma Alves Abrahão,
Januária,Estudo Sistemático Sobre a Estrutura Energéticas dos Níveis de Energia Stark em Sistemas ,Yuri Alisson Rodrigues de Oliveira,
Januária,Desenvolvimento de um Jogo Digital Educativo para o Ensino de Matemática,Daniel Martins Nunes,
Januária,Detecção da Presença de Agrotóxicos em Amostras de Feijão Carioca Através da Análise de Imagens de Fluorescência ,Caio Bruno wetterich,
Januária,Espaço e Tempo de Produção de Conhecimento: O Teatro e a Autoria da Cena,Elisa Martins Belém Vieira,
Januária,Determinação das Perdas de Água por Escomaneto Superficial Direto na Bacia Hidrográfica do Rio Pandeiros Por Meio de Modelagem Hidrológica ,Danilo Pereira Ribeiro,
Januária,Avaliação do Uso de um Probiótico (Techno Spore) como Aditivo em Dietas de Frangos de Corte para Melhorar o Desempenho e o Estado Sanitário,Wagner Aziz Garcia de Araújo,
Januária,Elaboração de um Software Educacional para Auxílio ao Processo de Ensino Enfermagem ,Karine Alencar Fróes,
Januária,Sustentabilidade e Gestão Pública dos Resíduos Sólidos Urbanos do Municípios de Januária – MG,Aelejancer Barbosa Macedo,
Januária,Uso da Válvula de Pneu sem Câmara em Substituição às Tomadas de Pressão Comerciais em Tubulações de PVC ,Antônio Fábio Silva Santos,
Januária,A Utilização de Sacos Plásticos em Substituição Parcial do Agregado Graúdo de Concretos Convencionais ,Pablo Henrique Ataíde Oliveira,
Januária,Determinação da Resistência do Concreto Dosado com os Traços mais Utlizados no Município de Januária/ MG – Concreto Virado em Obra. ,Áureo da Silva Santos,
Januária,Inoculação de Azospirillum brasiliense na Cultura da Melancia ( Citrullus lanatus) no semiárido de Minas Gerais ,Luiz Carlos Ferreira ,
Januária,Adubação Nitrogenada em Cobertura de Amendoim CV. Runner IAC 886 e Viabilidade Econômica no Semiárido Mineiro,Aroldo Gomes Filho,
Januária,Produção de Tilápias ( Orecheromis niloticus ) em Fluxo Contínuo de Águas Recirculantes Sob Diferentes Estocagens ,Wagner da Cunha Siqueira,
Januária,Análise do Desempenho dos Alunos de Cursos Superiores em Computação no ENADE – Uma Abordagem Usando Mineração de Dados,Raphael Magalhães Hoed,
Januária,Elaboração do Protótipo de um Mouse para Acessibilidade de Pessoas Portadoras de Tremores Essenciais e Parkinsinianos ao Ambiente Computacional ,Flipe Augusto Oliveira Mota,
Januária,Tratamento de Águas Duras por Meio de Radiofrequência,Mário da Silva Araújo Filho,
Januária,Diferentes Métodos para a Superação de Dormência de Sementes de Pequizeiro ,Rodrigo Amato Moreira,
Januária,Comportamento Financeiro dos Universitários de Administração do IFNMG – Campus Januária: Uma análise do perfil de compra e dos fatores que podem influenciar o endividamento ,Edson Oliveira Nunes,
Januária,Os Temas Transversais: A orientação Sexual nos Anos Finais do Ensino Fundamental nas Escolas Urbanas de Januária MG,Cláudio Wilson dos Santos Pereira,
Januária,ECOinovação: Redução de Impactos Ambientais e Custo-benefício da Substituição de Materiais Descartáveis por Reutilizáveis,Shirley Mirone Martins Guimarães,
Januária,Teste de Preferência Alimentar por Resíduos Agroindustriais para a Produção de Tenebrio Molitor ,Lílian Betânia Reis Amaro,
Januária,Avaliação de Genótipos de Beterraba de Mesa sob Sistema Orgânico de Produção em Januária ,Nelson Licínio Campos de Oliveira,
Januária,Produtividade de Abobrinha Italiana em Função da Adubação Nitrogenada ,Nelson Licínio Campos de Oliveira,
Januária,Utilização da Fotografia Científica na Botânica,Lílian Betânia Reis Amaro,
Januária,Gestão de Pessoas em Micro Empresas: Estratégias de Potencialização do Capital Humano,Edson Oliveira Neves,
Januária,Proposta de Sistema para Gestão do Estágio Curricular Supervisionado Obrigatório do Curso Técnico em Enfermagem do IFNMG – Campus Januária,Felipe Augusto Oliveira Mota,
Januária,Aspectos da Qualidade Microbiológica da Água para Consumo Humano e Irrigação em uma Comunidade Rural ,Luiz Carlos Ferreira ,
Januária,A Relação Professor/ Aluno na Licenciatura,Joelma de Fátima Mendes Bandeira,
Januária,"Impacto da Crise Econômica de 2-15, 2016 e 2017 no Nível de Emprego do Município de Januária/MG",Felipe Lisboa Guedes,
Januária,Uso da Metodologia de Ensino -Aprendizagem -Avaliação de Matemática através da Resolução de Problema na Formação do Professor de Matemática,Egídio Rodrigues Martins,
Januária,Desenvolvimento de um Aplicativo Educacional para o Auxílio à Comunidade Acadêmica do Campus Januária,Felipe Augusto Oliveira Mota,
Januária,Caracterização da Rede de Usuários de Grupos Públicos Brasileiros do Whatsapp,Hélder Seixas Lima,
Januária,Sistema de Sensoriamento Remoto de Baixo Custo para Classificar Teor de Clorofila Foliar e Produtividade do Feijão,Selma Alves Abrahão,
Januária,Correlação entre a Lucratividade Contábil e o Preço das Ações,Felipe Lisboa Guedes,
Januária,Proposta de Inovação Utilizando Cashback como Programa de Fidelização de Clientes de um Supermercado ,Shirley Mirone Martins Guimarães,
Januária,Estratégias Inovadoras para Finalizar Clientes: Estudo de Caso Numa Loja de Confecção Infantil de Januária – MG,Shirley Mirone Martins Guimarães,
Januária,Importância da Inovação no Processo Competitivo de Micro e Pequenas Empresas,Shirley Mirone Martins Guimarães,
Januária,"Assessoria em Marketing Digital, Como Meio Inovador Para Alavancar Vendas nas Redes Sociais de Micro e Pequenos Empreendimentos",Shirley Mirone Martins Guimarães,
Januária,Como um Sistema de Controle pode Inovar a Prestação de Serviços numa Cidade do Interior de Minas Gerais ,Selma Alves Abrahão,
Januária,Análise da Utilização dos Sistemas de Informações Gerencial nas Empresas de Januária,Francisco Farlei de Carvalho Lisboa ,
Januária,Processo Sucessório em Empresa Familiar: Mapeamento dos Estudos mais Relevantes sobre o Tema,Edson Oliveira Neves,
Januária,Educação Alimentar nas Escolas da Rede Estadual de Ensino da Cidade de Pedras de Maria da Cruz-MG ,Luiz Carlos Ferreira ,
Januária,Caracterização Biológica de Bactérias Endofíticas e seu Potencial de Controle de Sclerotinia sclerotiorum em Soja ,Tatiana Tozzi Martins Souza Rodrigues ,
Januária,Biossolubilização de Fósforo e Potássio por Bactérias Endofíticas Isoladas de Sementes Stylosanthers SPP ,Tatiana Tozzi Martins Souza Rodrigues ,
Januária,Avaliação de Propriedades Físicas de Grãos de Milho da Variedade Crioulo Cultivados na Região do Norte de Minas Gerais,Wagner da Cunha Siqueira,
Januária,"Determinação da Massa Específica, Porosidade e Peso Hectolitro de Grãos de Milho em Diferentes Teores de Umidade",Wagner da Cunha Siqueira,
Januária,Diferentes Métodos de Superação de Dormência de Sementes de Umbuzeiro ,Rodrigo Amato Moreira,
Januária,Qualidade da Água Armazenada em Cisternas de Placas de uma Comunidade Rural do Município de Bonito de Minas – MG,Luiz Carlos Ferreira ,
Januária,Qualidade na Prestação de Serviços: Aplicação do Modelo Servqual na Rede de Hotéis em Januária – MG,Érica Souza Tupiná,
Januária,Proposta de um Sistema para Micro-Pequenas Oficinas Mecânicas,Danilo Magalhães Nunes,
Januária,Desenvolvimento de um Sistema para Monitoramento Automático de Trânsito em Cidades e Rodovias ,Matheus Silveira Borges,
Januária,Levantamento e Análise dos Relatórios de Sondagem por SPT Executados na Área Central do Município de Januária-MG,Rodrigo Marques do Nascimento,
Januária,Análise do Uso das Tecnologias Digitais da Informação Comunicação e Metodologias Ativas pelos Docentes das Escolas Públicas Estaduais de Januária,Gustavo Linhares Lélis Frota,
Januária,Medida do índice de Refração em Diferentes Tipos de Materiais ,Caio Bruno wetterich,
Januária,Produção de Módulo Didático para o Ensino de Operações com Números Reais ,Daniel Martins Nunes,
Januária,Produção de Módulo Didático para o Ensino de Operações com Números Reais ,Adenise Vieira de Souza,
Januária,"Perfil das Internações Hospitalares por Condições Sensíveis a Atenção Primária na Rede de Atenção Hospitalar de Januária, MG",Thatiane Lopes Oliveira,
Januária,Perfil de Saúde e Qualidade de Vida dos Trabalhadores do IFNMG – Campus Januária,Karla Jaciara Vieira Damasceno Abreu,
Januária,Análise e Monitoramento da Qualidade da Água do Riacho da Cruz para Consumo Doméstico,Antônio Fábio Silva Santos,
Januária,"Manejo da Cultura do Feijão Caupi, no Semiárido do Norte de Minas Gerais",Claubert Wagner Guimarães de Menezes,
Januária,Controlador de Irrigação Via Pluviomêtro,Antônio Fábio Silva Santos,
Januária,Aplicação Baseado em Sistema de Recomendação para Auxiliar País no Cuidado com seus Filhos,Juliana Teixeira Antunes,
Januária,Curaí Januária: Um Aplicativo Móvel Interativo para Divulgação de Eventos ,Hélder Seixas Lima,
Januária,Evolução de um Jogo Educacional Digital sobre o Parque Nacional Cavernas do Peruaçu ,Joselice Ferreira Lima,
Januária,Sistema de Gestão para o Cartório de Registro Civil e Notas do Distrito de Riacho da Cruz,Paulo Vitor do Carmo Batista,
Januária,Astronomia e Saberes Tradicionais no Ensino Médio em Escolas Xakriabá: Os Sábios e a Construção do Conhecimento na Interculturalidade,Caio Bruno Wetterich ,
Januária,Estudo Sistemático sobre a Estrutura Energéticas dos Níveis de Energia Stark em Sistemas contendo íons de európio trivalentes,Caio Bruno wetterich,
Januária,Estudo da Condição Produtiva dos Remanescentes Quilombolas da Comunidade de Alegre - Januária ,Edson Oliveira Neves,
Januária,Danos nas Propriedades Físicas de Grãos de Milho Causado pelo Sitophilus zeamais,Wagner da Cunha Siqueira,
Januária,Desenvolvimento e Aceitabilidade de Iogurte Grego Salgado Condimentado,Geralda Magela Costa Nobre,
Januária,Avaliação de Mandioca Biofortificada no Norte de Minas Gerais,Ednaldo Liberato de Oliveira,
Januária,Produção de Mudas de Mandioca Mesa com Substrato Alternativo,Ednaldo Liberato de Oliveira,
Januária,Construção e Caracterização de um Aspersor Caseiro de Baixo Custo,Ednaldo Liberato de Oliveira,
Januária,Aproveitamento de Pseudocaule de Bananeira para a Elaboração de Palmito,Geralda Magela Costa Nobre,
Januária,Determinação das Propriedades Físicas do feijão Caupi “ Vigna unguiculata” em Diferentes Teores de Umidade. ,Wagner da Cunha Siqueira,
Januária,Análise de Tamanho e Forma em Sementes de Girassol ,Wagner da Cunha Siqueira,
Januária,Posse Responsável de Animais Doméstico e Perfil Epidemiológico da Leishmaniose no Município de Januária-MG,Luiz Carlos Ferreira ,
Januária,Conhecimento Geométrico Espacial Utilizado por Pedreiros da Cidade de Januária-MG,Raniery Guilherme José Vicente,
Januária,"Diagnóstico Hidroambiental das Nascentes do Riacho da Quinta, na Bacia do Médio São Francisco",Antônio Fábio Silva Santos,
Januária,Sistema de Controle de Irrigação Automatizado de Baixo Custo para Agricultura Familiar,Danilo Magalhães Nunes,
Januária,Zoneamento Agroclimático do Feijão Caupi para o Estado de Minas Gerais,Selma Alves Abrahão,
Januária,Aplicação Android para Controle de Cadeiras de Rodas Através da Visão Computacional: Uma Proposta de Acessibilidade para Pessoas com Tetraplegia,Felipe Augusto Oliveira Mota,
Januária,O Conhecimento Sobre Matemática Financeira e as Relações de Consumo dos Acadêmicos do Curso de Administração do IFNMG – Campus Januária,Raniery Guilherme José Vicente,
Januária,Pesquisa Avançada Acerca de Internet das Coisas,Felipe Augusto Oliveira Mota,
Januária,Objeto de Aprendizagem: Ensino de Funções Exponenciais e Logarítmicas Aplicadas ao Geogebra,Fábio Mendes Ramos,
Januária,"Representações do Médio São Francisco no Romance “ A Ópera dos Afogados”, do Januarense Antônio Emílio Pereira",Pedro Borges Pimenta Júnior,
Januária,"Três Retratos de Maria da Cruz, A Dona do Sertão",Pedro Borges Pimenta Júnior,
Januária,Análise da Evolução do Ensino Médio nas Escolas da Terra Indígena Xakriabá no Período de 2005 a 2018. ,Suzana Alves Escobar,
Januária,Educação Empreendedora: Estudo do Impacto em Jovens em Situação de Vulnerabilidade Social da Cidade de Januária-MG,Érica Souza Tupiná,
Januária,Aptidão Climática do Estado de Minas Gerais para Cultura da Palma Forrageira (Opuntia SP),Selma Alves Abrahão,
Januária,Zoneamento Agroclimático do Campim Elefante (Pennisetum purpureum) ,Selma Alves Abrahão,
Januária,IFNMG Online: Estudantes e a Adicção em Internet no Campus Januária,Fabio Mendes Ramos,
Januária,Desenvolvimento de um Sistema Hipermídia para Elaboração de Avaliações de Matemática,Josué Antunes de Macedo,
Januária,Carne do Porco do Cerrado Maturada por Meio de Salga úmida e Salga Seca,Wagner Aziz Garcia de Araújo,
Januária,"Manejo da Cultura do Feijão Caupi (Vigna unguiculata), no Semiárido do Norte de Minas Gerais",Claubert Wagner Guimarães de Menezes,
Januária,Limites e Possibilidades do Uso do Scratch no Ensino da Matemática,Josué Antunes de Macedo,
Januária,Utilização da Enzima B-mananase em Reações de Frangos ,Wagner Aziz Garcia de Araújo,
Januária,Validação da Plataforma de Pesagem na Pecuária de Precisão em Confinamento de Bovinos – Animais Cruzados Angus x Nelore,Rogério Mendes Murta,
Januária,Adubação Orgânica de Capim Santo ( Cymbopogon citratus ) com algodão-de-seda ( Calotropis procera),Claubert Wagner Guimarães de Menezes,
Januária,As Transformações no Mundo do Trabalho e as expectativas dos jovens estudantes sobre o ensino médio integrado à Educação Profissional no IFNMG – Campus Januária,Wanderson Pereira Araújo,
Januária,Estudo Investigativo da Psicologia da Aprendizagem Aplicada ao Ensino de Trigonometria,Gustavo Pereira Gomes,
Montes Claros,Produção de carvão ativado a partir de cascas de banana e sua avaliação em absorção de compostos fenólicos oriundos do pré-tratamento ácido de biomassa.,Ramon Geraldo Campos silva,
Montes Claros,Destilação de etanol – água em regime estacionário utilizando coluna com recheios e avaliação da adição de sal inorgânico no comportamento azeotrópico da mistura.,Ramon Geraldo Campos silva,
Montes Claros,Modelagem termodinâmica do equilíbrio – vapor das misturas etanol – água e etanol – água – sal inorgânico por meio da destilação de Rayleigh.,Ramon Geraldo Campos silva,
Montes Claros,Modelagem do processo de secagem convectiva de cascas de banana.,Ramon Geraldo Campos silva,
Montes Claros,Produção de Carvão Ativado a Partir do Resíduo de Lodo Ativado e Avaliação do Efeito de Agente Ativante,Daniel Rodrigues Magalhães,
Montes Claros,Eye Tracking como Ferramenta de Interação Homem- Máquina Aplicado à Pacientes com Deficiência Motora nos Membros Superiores,Wagner Ferreira de Barros,
Montes Claros,Desenvolvimento de Co-Simulador para redes Elétrica Inteligentes,Douglas Ângelo Teixeira,
Montes Claros,Análise da Aplicabilidade de Redes Neurais Artificiais para Identificação de Gases,Saulo Fernando dos Santos Vidal,
Montes Claros,"Concepção e Prototipagem de Um Dispositivo de Acomodação, Fixação e Posicionamento para a Radioterapia de Mama em Decúbito Ventral",Wagner Leite Araújo,
Montes Claros,IFNMG ONLINE: Estudantes a a Adicção em Internet no Campus Montes Claros,Alexandre Botelho Brito,
Montes Claros,Avaliando Consultas por Similaridade com Diversidade,Lúcio Fernandes Dutra Santos,
Montes Claros,Modelagem Computacional do Desempenho de Torre de Resfriamento,Ramon Geraldo Campos silva,
Montes Claros,Produção de Impressora 3D de Baixo Custo para o Campus Montes Claros,Luciana Balieiro Cosme,
Montes Claros,"Investigação de Ferramentas Computacionais e de Engenharia para Auxiliar Pessoas com Necessidades Especiais (PNE’S), em Membros Superiores, na Realização de Atividades de Vida Diária (ADV’S)",Luciana Balieiro Cosme,
Montes Claros,Projeto e Construção de Elementos Ópticos Usando Impressoras 3D,Marcos Aurélio Duarte Carvalho,
Montes Claros,Número Pfaffiano de Grafos,Alberto Alexandre Assis Miranda,
Montes Claros,Geração de Modelos para Descrever de Modelos para Descrever o Processo de Secagem de Arroz com Casca em Leito de Jorro,João Carlos Gonçalves,
Montes Claros,Pesquisa de Busca Heurística – Heurística de Busca para Open Shop,Tadeu Knewitz Zubaran,
Montes Claros,Pesquisa de Busca Heurística – Heurística Construtiva para Open Shop,Tadeu Knewitz Zubaran,
Montes Claros,Pesquisa de Busca Heurística – Vizinhanças para Open Shop,Tadeu Knewitz Zubaran,
Montes Claros,Avaliação da Atividade Antifúngica dos óleos Essenciais de Manjericão (Ocimum basilicum ) e do cravo-da-índia ( Syzygium aromaticum),Marcelo Moreira Freire,
Montes Claros,Produção e Análise de Condicionadores Capilares Preparados com a Adição de Diferentes óleos Vegetais,Marcelo Moreira Freire,
Montes Claros,Desenvolvimento de Procedimentos para Extração dos óleos do Fruto da Palmeira Macúba( Acronomia aculeata),Elízio Mario Ferreira,
Montes Claros,Avaliação da Acidez Total de Cachaças da Região de Itacambira-MG,Elízio Mario Ferreira,
Montes Claros,Desenvolvimento de Objetos Simuladores para Radioterapia,,
Montes Claros,Metodologias Ativas: Ensino Híbrido no Combate à Repetência em Cálculo I,Neila Marcelle Gualberto Leite,
Montes Claros,Avaliação da Eficiência do Processo Fenton no Tratamento de Lixiviado de Aterro Sanitário,Igor Talles Fonseca Figueiredo,
Montes Claros,Avaliação de Catalisadores Heterogêneos e Óleos Vegetais na Produção de Biodiesel,Talles de Assis Cardoso Gonçalves,
Montes Claros,Estudo da Influência da Temperatura e Projeto de Modelo Cinético da Reação de Saponificação do Acetato de Etila e Hidróxido de Sódio,Talles de Assis Cardoso Gonçalves,
Montes Claros,Tecnologia digital: Uso de aplicativo na aprendizagem de desenho técnico do curso técnico em edificações,Admilson Eustáquio Prates,
Montes Claros,Educação emocional no ensino médio integrado,Admilson Eustáquio Prates,
Montes Claros,"O trabalho como princípio educativo no ensino médio integrado do Instituto Federal de Educação, Ciência e Tecnologia do Norte de Minas Gerais, Campus Montes Claros",Admilson Eustáquio Prates,
Montes Claros,Avaliação da queda de pressão via análise Planejamento Fatorial 2k,João Carlos Gonçalves,
Montes Claros,Projeto eletromagnético de um acelerador de dêuterons para a terapia de captura de nêutrons,Wagner Leite Araujo,
Montes Claros,Expansão e análise do Data Mart Acadêmico do IFNMG,Lúcio Fernandes Dutra Santos,
Montes Claros,Análise do Data Mart Acadêmico do IFNMG,Lúcio Fernandes Dutra Santos,
Montes Claros,Aplicação do Geant4 para investigação e aprimoramento em unidade de irradiação para a terapia de captura de nêutrons,Wagner Leite Araujo,
Montes Claros,Instrumentação para aquisição de dados de uma planta de leito de jorro,Saulo Fernando dos Santos Vidal,
Montes Claros,Tratamento químico em fitas magnéticas (VHS),Pedro Henrique de Oliveira Gomes,
Montes Claros,Neutralização de pH de um efluente de caráter básico utilizando software livre e plataforma Arduino,Saulo Fernando dos Santos Vidal,
Montes Claros,Avaliação do potencial de adsorção de carvão ativado derivado de lodo biológico frente ao fenol presente em efluentes industriais,Daniel Rodrigues Magalhães,
Montes Claros,Estudo do processo de secagem de sementes de Brachiaria brizantha cultivar Marandu em Leito de Jorro,João Carlos Gonçalves,
Montes Claros,Uso de redes neurais para controle de nível em um sistema de tanques em série,Saulo Fernando dos Santos Vidal,
Pirapora,Produção de Tintas à Base de Argila para a Construção Civil,Marcelo de Oliveira Rosa,
Pirapora,O Impacto do Comércio Eletrônico do Consumo Piraporense,Daniel Rocha Silva,
Pirapora,Levantamento dos Principais Tipos de Patologias em Pavimentos Flexíveis e Intertravados no Município de Pirapora- MG,Fábio José Generoso,
Pirapora,A Cidade como Espaço Aprendizagem: Letramento e Emancipação Digital e Cidadã,Marcelo de Miranda Lacerda,
Pirapora,Sabedoria Popular sobre Plantas Medicinais Comercializados na Feira Livre do  Município da Pirapora,Gleysson de Paula Terra,
Porteirinha,Estudo sobre a utilização das tecnologias da informação e comunicação nas Escolas Estaduais da Zona Urbana do Município de Porteirinha/MG,Fernanda Pereira Santana,
Porteirinha,Evasão Escolar. Repetência e sucesso discente,Wilney Fernando Silva,
Porteirinha,Protótipo para Adequação dos Limites de Demanda de Energia Elétrica em Instalações Industriais,Marco Antônio Silva Pereira – Passou para Caio Venâncio Duarte Carvalho,
Porteirinha,Aplicação da Mineração de Dados no Processo de Produção do Queijo Minas Artesanal,Thiago Nogueira Tolentino,
Salinas,Utilização do Farelo de Palma na Alimentação de Vacas Leiteras,Antônio Eustáquio Filho,
Salinas,Um Modelo Biológico contra o Ataque de Pragas de Plantas do Cerrado: Nectários Extraflorais versus Herbivoria,Tatianne Gizelle Marques Silva,
Salinas,Dicionário Literário do Alto Rio Pardo (MG) – Taiobeiras,Alex Sander Luiz Campos,
Salinas,Mosquitos e Primatas – Não – Humanos como Fontes de Infecções Zoonóticas no Norte de Minas Gerais,Filipe Vieira Santos de Abreu,
Salinas,Influência dos Métodos de Secagem na Extração e Quantificação de Taninos de Hortelã Pimenta ( Mentha x Piperita L. ),Higor Alexandre Rodrigues Maia,
Salinas,Física Moderna e Contemporânea para o Ensino Médio,Luciano Adley Costa Castro,
Salinas,Avaliação de Parâmetros Agronômicos de Cinco Variedades Mandioca para Mesa na Cidade de Salinas – MG,Oscar William Barbosa Fernandes,
Salinas,Rótulos de Cachaça: Avaliação de sua Conformidade em Relação a Legislação e o Comportamento do Consumidor em Relação a essas Informações em Cachaças Comercializadas na Cidade de Salinas – MG,Higor Alexandre Maia,
Salinas,A Suplmentação Alimentar no Desempenho e Características do Mel da Apis mellifera em Salinas/ MG,Thiago Moreira dos Santos,
Salinas,Avaliação da Brotação no Regime de Talhada em Povoamento de Eucalipto,Vinícius Orlandi Barbosa Lima,
Salinas,Fatores de Risco e Agentes Etiológicos Causadores de Mastite em Propriedades Rurais Vinculadas à Cooperativa dos Produtores Rurais de Salinas (COOPERSA),Paulo Bastos Queiroz,
Salinas,Aperfeiçoamento de Técnicas para a Criopreservação do Sêmen Ovino,Júlio César Oliveira Dias,
Salinas,Avaliação da Velocidade de Hemossedimentação em Cadelas com Piometra,Eduardo Garrido,
Salinas,Inserção de Insetos na Alimentação Humana de Populações Carentes como Alternativa ao Consumo de Carne de Animais Convencionais,Felipe Cimino Duarte,
Salinas,Determinação da Atividade Antimicrobiana dos Extratos das Folhas de Morus nigra L. Chenopodium ambrosioides e Aloe vera sobre Staphylococcus aureos e Salmonella spp,Roberta Magalhães Dias Cardozo,
Salinas,Impactos do Novo Código Florestal no Regime Hidrológico de uma Bacia Hidrográfica do Semi – árido Mineiro: estudo em nível de bacia experimental,Ronaldo Medeiros dos Santos,
Salinas,Estimativa da Evapotranspiração em Áreas de Reflorestamento e Mata Seca Utilizando Imagens de Satélite,Marcelo Rossi Vicente,
Salinas,Resistência versus Suscetibilidade Anti-helmíntica em Bovinos Leiteiros Naturalmente Infectados,Vanessa Paulino da Cruz Vieira,
Salinas,Utilização do Farelo de Palma na Alimentação de Ovinos Confinados,Antônio Eustáquio Filho,
Salinas,Análise das Interações Ecológicas de Calliandra asplenioides (NEES) Renvoize com base nas Estruturas Florais,Michelia Pereira Soares,
Salinas,Monitoramento de Genotoxidade e Análise Toxicológica de Organoclorados em Tilápia do Nilo (Oreochromis niloticus),Thaís Larissa Lourenço Castanheira,
Salinas,A Modelagem Matemática via Método dos Mínimos Quadrados na Otimização dos Fatores na Síntese de Biodíesel,Agnaldo Monteiro Farias,
Salinas,O Turismo Impacta a Flora e Fauna de Invertebrados de Solo em Ambientes Cavernícolas?,Tatianne Gizelle Marques Silva,
Salinas,Efeitos da Aplicação de Luz Ultravioleta (UV)no Controle Microbiológico de Polpa de Fruta Natural,Jean Pereira Coutinho,
Salinas,Interferência de Fatores Exógenos Durante a Inseminação Artificial. Com a taxa de prenhes,Susi Cristina dos Santos Guimarães Martins,
Salinas,Otimização no Processo de Extração de Cafeína do Guaraná (Paullinia culpana) utilizando a água como solvente,Alexandre Santos de Souza,
Salinas,Elaboração do Planejamento Fatorial para a Otimização das Condições da Reação de Obtenção de Biodísel via Catálise Heterogênea,Roberto Ananias Ribeiro,
Salinas,"Atividades Experimentais de Física de Fácil Montagem, Bom Manuseioe Baixo Custo como Recurso Pedagógico no Ensino Médio da Escola Estadual Professor Levindo Lambert em Salinas – MG",Vailton Afonso da Silva,
Salinas,Caracterização do Cariótipo de Gaunandi ( Calophyllum brasiliense Cambess),Guilherme Mendes de Almeida Carvalho,
Salinas,A Utilização do Youtube como Ferramenta para a Capacitação Docente,Ana Clara Gonçalves Alves de Meira,
Salinas,Atividade Antimicrobiana do óleo Essencial de Cravo-da índia,Isis Celena Amaral,
Salinas,Indução da Organogênese a Partir de Segmentos de Epicótilo de Handroanthus impetiginosus (Mart. Ex DC) Mattos,Rogério Alves de Amorim,
Salinas,Análise de Variânia em um Experimento de Síntese de Biodiesel Conduzido em Planejamento Fatorial,Leonardo Martins do Nascimento,
Salinas,"Zoneamento Edafloclimático para Implantação de Espécies Florestais, em sistema ILPE, na Micrirregião do Alto Rio Pardo/MG",Antônio Carlos Pinheiro Cani,
Salinas,Biochar na Composição de Substratos para Produção de Mudas de Caesalpinia pelthophoroides Benth,Jane Bruna de Almeida,
Salinas,Avaliação do perfil Microbiológico do Sangue de Cadelas com Piometra,Eduardo Garrido,
Salinas,"Análise Microbiológica da Água em Três Pontos Extratégicos no Instituto Federal de  Educação, Ciência  Tecnologia do Norte de Minas Gerais – Campus Salinas",Rosimeire Alves Guimarães,
Salinas,"Produção de óleos Essenciais de Frutas Cítricas (laranja Pera – Citrus sinensis L. Osbeck, limão Taiti – Citrus latifolia e tangerina Pokan – Cítrus reticulata) como uma alternativa de utilização de resíduos agroindustriais para saborizar  e aromatizar alimentos: um panorama sensorial",Daniela Caetano,
Salinas,Agregando Valor ao Abacaxi da Região de Berilo -MG Através da Produção de Licor Artesanal,Daniela Caetano,
Salinas,IFNMG ONLINE: Estudantes e a Adicção em Internet no Campus Salinas,Aldemi Ferreira Mendes,
Salinas,Construção e Manuseio de um Protótipo de Mini-usina para Produção de Biogás e Biofertilizantes,Magnovaldo Carvalho Lopes,
Salinas,Análise das Propriedades físico-químicas da água de abastecimento público e de águas coletadas próximas ao perímetro urbano do município de Salinas MG,Magnovaldo Carvalho Lopes,
Salinas,Avaliação do Efeito Antifúngico do óleo Essencial de Pequi ( Caryocar brasieliense),Michelle Ferreira Terra Ematne,
Salinas,Iogurte Grego Sabor Umbu: Uso de Frutos Regionais na Inserção de Novos Sabores,Daniela Caetano,
Salinas,Origem dos Campos de Murundus no Norte de Minas Gerais,Elcio José do Nascimento,
Salinas,Melhoria da Qualidade da Sensorial da Cachaça Através do Beneficiamento da Matéria Prima,Daniela Caetano,
Salinas,O Uso de Materiais Didáticos Manipuláveis como Ferramenta no Processo de Ensino- Aprendizagem da Geometria Espacial,Eilson Santiago,
Salinas,O Ensino da Trigonometria Usando o Ciclo Trigonométrico Manipulável como Ferramenta no Processo de Ensino – Aprendizagem,Eilson Santiago,
Salinas,O Uso de Vídeo Aulas Como Recurso Didático no Ensino Matemática,Eilson Santiago,
Salinas,Análise da Qualidade do Leite Produzido no Laticínio do IFNMG- Campus Salinas – MG,Thiago Moreira dos Santos,
Salinas,Quem não Toma Cachaça Bebe Leite? Quebrando Paradigmas Avaliação Físico-Químico e Sensorial de Licor de Leite,Daniela Caetano,
Salinas,Análise da Qualidade de Ovos Comercializados no Mercado Central da Cidade de Salinas – Minas Gerais,Thiago Moreira dos Santos,
Salinas,Influência do Sistema de Criação e Manejo na Ocorrência de Estereotipias em Equinos da Região do Cerrado Mineiro,Paulo José Bastos Queiroz,
Salinas,"Melhoria da Qualidade da Cachaça, Através do Beneficiamento da Matéria Prima",Felipe Cimino Duarte,
Salinas,Avaliação quali-quantitativa da Arborização Urbana do IFNMG – Campus Salinas,Thais Ribeiro Costa,
Salinas,Sistema de Suporte para Controle de Pacientes na Enfermaria Escolar,Leonardo Humberto Guimarães Silva,
Salinas,"Estudo da Remoção de Contaminantes Emergentes Diclofenaco, Ibuprofeno e Paracetamol por Adsorção em  Pequi",Luiz Fernando Oliveira Maia,
Salinas,Análise dos Caramujos Encontrados no Rio Salinas e Identificação da Possível Contaminação pelo Parasita,Felipe Vieira Santos de Abreu,
Salinas,Preparação de Hidróxidos Duplos Lamelares ZN/AL (III): Aplicação na Adsorção de Cromo Hexavelente,Luiz Fernando Oliveira Maia,
Salinas,Perfil Sensorial da Aceitação de Caipirinha Elaborada a Partir de Xarope Concentrado de Limão,Alexandre Santos de Souza,
Salinas,Panorama da Aceitação Sensorial de Bebida Alcoolica Mista à Base de Doce de Leite,Alexandre Santos de Souza,
Salinas,Perfil Sensorial de Queijo Minas Padrão Maturato Revestido com Cera de Abelha,Alexandre Santos de Souza,
Teófilo Otoni,Os benefícios da estratégia do debate em sala de aula e sua colaboração na avaliação formal: estudo de caso no Ensino Médio Técnico Integrado do IFNMG/Campus Teófilo Otoni.,Maria Terezinha Pereira Pestana,
Teófilo Otoni,“IFNMG OH LINE”: Estudantes e a adiccção em internet no Campus Teófilo Otoni,Luara Cristiane Dourado Neves,
Teófilo Otoni,Mapeamento e estrutura cultural do Norte de Minas Gerais: Uma proposta baseada na Web semântica.,Yuri Bento Marques,
Teófilo Otoni,"Impactos da erosão hídrica, perda de solo e água no Instituto Federal do Norte de Minas Gerais- Campus Teófilo Otoni.",Ivan Carlos Carreiro Almeida,
Teófilo Otoni,Empreendedores versus inventores: Testagem de modelos preditivos do comportamento empresarial.,Gustavo Henrique Silva de Souza,
Teófilo Otoni,"Influência do Uso do Solo e da Topografia na Perda de Água e Solo em um Latossolo Vermelho-amarelo Distrófico Típico em Teófilo Otoni, Minas Gerais.",Ivan Carlos Carreiro Almeida,
Teófilo Otoni,Instrumentação Padronizada na Administração de Marketing: O Desenvolvimento de um Sistema Gerencial de Pesquisas de Mercado,Ana Cláudia Gonçalves  de Sá Jardim,
